first_name,last_name,phone,id
Gabriel,Delgado,46346345,101345563461
Carlos,Ramirez,54645645,101345345341
Valentina,García,645646,101456451
Gabriel,Delgado,46346345,101345563461
Carlos,Ramirez,54645645,101345345341
Valentina,García,645646,101456451
Gabriel,Delgado,46346345,101345563461
Carlos,Ramirez,54645645,101345345341
Valentina,García,645646,101456451
Gabriel,Delgado,46346345,101345563461
Carlos,Ramirez,54645645,101345345341
Valentina,García,645646,101456451
Gabriel,Delgado,46346345,101345563461
Carlos,Ramirez,54645645,101345345341
Valentina,García,645646,101456451
Gabriel,Delgado,46346345,101345563461
Carlos,Ramirez,54645645,101345345341
Valentina,García,645646,101456451
Gabriel,Delgado,46346345,101345563461
Carlos,Ramirez,54645645,101345345341
Valentina,García,645646,101456451
Gabriel,Delgado,46346345,101345563461
Carlos,Ramirez,54645645,101345345341
Valentina,García,645646,101456451
Gabriel,Delgado,46346345,101345563461
Carlos,Ramirez,54645645,101345345341
Valentina,García,645646,101456451
TestOne,TestTwo,54534,1042342
Gabriel,Delgado,46346345,101345563461
Carlos,Ramirez,54645645,101345345341
Valentina,García,645646,101456451
Gabriel,Delgado,46346345,101345563461
Carlos,Ramirez,54645645,101345345341
Valentina,García,645646,101456451
Gabriel,Delgado,46346345,101345563461
Carlos,Ramirez,54645645,101345345341
Valentina,García,645646,101456451
Gabriel,Delgado,46346345,101345563461
Carlos,Ramirez,54645645,101345345341
Valentina,García,645646,101456451
Gabriel,Delgado,46346345,101345563461
Carlos,Ramirez,54645645,101345345341
Valentina,García,645646,101456451
TestOne,TestTwo,54534,1042342
Gabriel,Delgado,46346345,101345563461
Carlos,Ramirez,54645645,101345345341
Valentina,García,645646,101456451
Gabriel,Delgado,46346345,101345563461
Carlos,Ramirez,54645645,101345345341
Valentina,García,645646,101456451
Gabriel,Delgado,46346345,101345563461
Carlos,Ramirez,54645645,101345345341
Valentina,García,645646,101456451
Gabriel,Delgado,46346345,101345563461
Carlos,Ramirez,54645645,101345345341
Valentina,García,645646,101456451
Gabriel,Delgado,46346345,101345563461
Carlos,Ramirez,54645645,101345345341
Valentina,García,645646,101456451
Gabriel,Delgado,46346345,101345563461
Carlos,Ramirez,54645645,101345345341
Valentina,García,645646,101456451
TestOne,TestTwo,54534,1042342
Gabriel,Delgado,46346345,101345563461
Carlos,Ramirez,54645645,101345345341
Valentina,García,645646,101456451
Juan,García,46346345,1016567561
Gabriel,Delgado,46346345,101345563461
Carlos,Ramirez,54645645,101345345341
Valentina,García,645646,101456451
Juan,García,46346345,1016567561
Gabriel,Delgado,46346345,101345563461
Carlos,Ramirez,54645645,101345345341
Valentina,García,645646,101456451
Juan,García,46346345,1016567561
Gabriel,Delgado,46346345,101345563461
Carlos,Ramirez,54645645,101345345341
Valentina,García,645646,101456451
Juan,García,46346345,1016567561
Gabriel,Delgado,46346345,101345563461
Carlos,Ramirez,54645645,101345345341
Valentina,García,645646,101456451
Juan,García,46346345,1016567561
Gabriel,Delgado,46346345,101345563461
Carlos,Ramirez,54645645,101345345341
Valentina,García,645646,101456451
TestOne,TestTwo,54534,1042342
Juan,García,46346345,1016567561
Gabriel,Delgado,46346345,101345563461
Carlos,Ramirez,54645645,101345345341
Valentina,García,645646,101456451
Juan,García,46346345,1016567561
Gabriel,Delgado,46346345,101345563461
Carlos,Ramirez,54645645,101345345341
Valentina,García,645646,101456451
Juan,García,46346345,1016567561
Gabriel,Delgado,46346345,101345563461
Carlos,Ramirez,54645645,101345345341
Valentina,García,645646,101456451
Juan,García,46346345,1016567561
Gabriel,Delgado,46346345,101345563461
Carlos,Ramirez,54645645,101345345341
Valentina,García,645646,101456451
Juan,García,46346345,1016567561
Gabriel,Delgado,46346345,101345563461
Carlos,Ramirez,54645645,101345345341
Valentina,García,645646,101456451
Juan,García,46346345,1016567561
Gabriel,Delgado,46346345,101345563461
Carlos,Ramirez,54645645,101345345341
Valentina,García,645646,101456451
Juan,García,46346345,1016567561
Gabriel,Delgado,46346345,101345563461
Carlos,Ramirez,54645645,101345345341
Valentina,García,645646,101456451
TestOne,TestTwo,54534,1042342
Juan,García,46346345,1016567561
Gabriel,Delgado,46346345,101345563461
Carlos,Ramirez,54645645,101345345341
Valentina,García,645646,101456451
Juan,García,46346345,1016567561
Gabriel,Delgado,46346345,101345563461
Carlos,Ramirez,54645645,101345345341
Valentina,García,645646,101456451
Juan,García,46346345,1016567561
Gabriel,Delgado,46346345,101345563461
Carlos,Ramirez,54645645,101345345341
Valentina,García,645646,101456451
Juan,García,46346345,1016567561
Gabriel,Delgado,46346345,101345563461
Carlos,Ramirez,54645645,101345345341
Valentina,García,645646,101456451
Juan,García,46346345,1016567561
Gabriel,Delgado,46346345,101345563461
Carlos,Ramirez,54645645,101345345341
Valentina,García,645646,101456451
Juan,García,46346345,1016567561
Gabriel,Delgado,46346345,101345563461
Carlos,Ramirez,54645645,101345345341
Valentina,García,645646,101456451
Juan,García,46346345,1016567561
Gabriel,Delgado,46346345,101345563461
Carlos,Ramirez,54645645,101345345341
Valentina,García,645646,101456451
Juan,García,46346345,1016567561
Gabriel,Delgado,46346345,101345563461
Carlos,Ramirez,54645645,101345345341
Valentina,García,645646,101456451
TestOne,TestTwo,54534,1042342
Juan,García,46346345,1016567561
Gabriel,Delgado,46346345,101345563461
Carlos,Ramirez,54645645,101345345341
Valentina,García,645646,101456451
Juan,García,46346345,1016567561
Gabriel,Delgado,46346345,101345563461
Carlos,Ramirez,54645645,101345345341
Valentina,García,645646,101456451
Juan,García,46346345,1016567561
Gabriel,Delgado,46346345,101345563461
Carlos,Ramirez,54645645,101345345341
Valentina,García,645646,101456451
Juan,García,46346345,1016567561
Gabriel,Delgado,46346345,101345563461
Carlos,Ramirez,54645645,101345345341
Valentina,García,645646,101456451
Juan,García,46346345,1016567561
Gabriel,Delgado,46346345,101345563461
Carlos,Ramirez,54645645,101345345341
Valentina,García,645646,101456451
Juan,García,46346345,1016567561
Gabriel,Delgado,46346345,101345563461
Carlos,Ramirez,54645645,101345345341
Valentina,García,645646,101456451
Juan,García,46346345,1016567561
Gabriel,Delgado,46346345,101345563461
Carlos,Ramirez,54645645,101345345341
Valentina,García,645646,101456451
Juan,García,46346345,1016567561
Gabriel,Delgado,46346345,101345563461
Carlos,Ramirez,54645645,101345345341
Valentina,García,645646,101456451
Juan,García,46346345,1016567561
Gabriel,Delgado,46346345,101345563461
Carlos,Ramirez,54645645,101345345341
Valentina,García,645646,101456451
TestOne,TestTwo,54534,1042342
Juan,García,46346345,1016567561
Gabriel,Delgado,46346345,101345563461
Carlos,Ramirez,54645645,101345345341
Valentina,García,645646,101456451
Juan,García,46346345,1016567561
Gabriel,Delgado,46346345,101345563461
Carlos,Ramirez,54645645,101345345341
Valentina,García,645646,101456451
Juan,García,46346345,1016567561
Gabriel,Delgado,46346345,101345563461
Carlos,Ramirez,54645645,101345345341
Valentina,García,645646,101456451
Juan,García,46346345,1016567561
Gabriel,Delgado,46346345,101345563461
Carlos,Ramirez,54645645,101345345341
Valentina,García,645646,101456451
Juan,García,46346345,1016567561
Gabriel,Delgado,46346345,101345563461
Carlos,Ramirez,54645645,101345345341
Valentina,García,645646,101456451
Juan,García,46346345,1016567561
Gabriel,Delgado,46346345,101345563461
Carlos,Ramirez,54645645,101345345341
Valentina,García,645646,101456451
Juan,García,46346345,1016567561
Gabriel,Delgado,46346345,101345563461
Carlos,Ramirez,54645645,101345345341
Valentina,García,645646,101456451
Juan,García,46346345,1016567561
Gabriel,Delgado,46346345,101345563461
Carlos,Ramirez,54645645,101345345341
Valentina,García,645646,101456451
Juan,García,46346345,1016567561
Gabriel,Delgado,46346345,101345563461
Carlos,Ramirez,54645645,101345345341
Valentina,García,645646,101456451
TestOne,TestTwo,54534,1042342
Juan,García,46346345,1016567561
Gabriel,Delgado,46346345,101345563461
Carlos,Ramirez,54645645,101345345341
Valentina,García,645646,101456451
Juan,García,46346345,1016567561
Gabriel,Delgado,46346345,101345563461
Carlos,Ramirez,54645645,101345345341
Valentina,García,645646,101456451
Juan,García,46346345,1016567561
Gabriel,Delgado,46346345,101345563461
Carlos,Ramirez,54645645,101345345341
Valentina,García,645646,101456451
Juan,García,46346345,1016567561
Gabriel,Delgado,46346345,101345563461
Carlos,Ramirez,54645645,101345345341
Valentina,García,645646,101456451
Juan,García,46346345,1016567561
Gabriel,Delgado,46346345,101345563461
Carlos,Ramirez,54645645,101345345341
Valentina,García,645646,101456451
Juan,García,46346345,1016567561
Gabriel,Delgado,46346345,101345563461
Carlos,Ramirez,54645645,101345345341
Valentina,García,645646,101456451
Juan,García,46346345,1016567561
Gabriel,Delgado,46346345,101345563461
Carlos,Ramirez,54645645,101345345341
Valentina,García,645646,101456451
Juan,García,46346345,1016567561
Gabriel,Delgado,46346345,101345563461
Carlos,Ramirez,54645645,101345345341
Valentina,García,645646,101456451
Juan,García,46346345,1016567561
Gabriel,Delgado,46346345,101345563461
Carlos,Ramirez,54645645,101345345341
Valentina,García,645646,101456451
Juan,García,46346345,1016567561
Gabriel,Delgado,46346345,101345563461
Carlos,Ramirez,54645645,101345345341
Valentina,García,645646,101456451
Juan,García,46346345,1016567561
Gabriel,Delgado,46346345,101345563461
Carlos,Ramirez,54645645,101345345341
Valentina,García,645646,101456451
TestOne,TestTwo,54534,1042342
Juan,García,46346345,1016567561
Gabriel,Delgado,46346345,101345563461
Carlos,Ramirez,54645645,101345345341
Valentina,García,645646,101456451
Juan,García,46346345,1016567561
Gabriel,Delgado,46346345,101345563461
Carlos,Ramirez,54645645,101345345341
Valentina,García,645646,101456451
Juan,García,46346345,1016567561
Gabriel,Delgado,46346345,101345563461
Carlos,Ramirez,54645645,101345345341
Valentina,García,645646,101456451
Juan,García,46346345,1016567561
Gabriel,Delgado,46346345,101345563461
Carlos,Ramirez,54645645,101345345341
Valentina,García,645646,101456451
Juan,García,46346345,1016567561
Gabriel,Delgado,46346345,101345563461
Carlos,Ramirez,54645645,101345345341
Valentina,García,645646,101456451
Juan,García,46346345,1016567561
Gabriel,Delgado,46346345,101345563461
Carlos,Ramirez,54645645,101345345341
Valentina,García,645646,101456451
Juan,García,46346345,1016567561
Gabriel,Delgado,46346345,101345563461
Carlos,Ramirez,54645645,101345345341
Valentina,García,645646,101456451
Juan,García,46346345,1016567561
Gabriel,Delgado,46346345,101345563461
Carlos,Ramirez,54645645,101345345341
Valentina,García,645646,101456451
Juan,García,46346345,1016567561
Gabriel,Delgado,46346345,101345563461
Carlos,Ramirez,54645645,101345345341
Valentina,García,645646,101456451
Juan,García,46346345,1016567561
Gabriel,Delgado,46346345,101345563461
Carlos,Ramirez,54645645,101345345341
Valentina,García,645646,101456451
Juan,García,46346345,1016567561
Gabriel,Delgado,46346345,101345563461
Carlos,Ramirez,54645645,101345345341
Valentina,García,645646,101456451
TestOne,TestTwo,54534,1042342
Juan,García,46346345,1016567561
Gabriel,Delgado,46346345,101345563461
Carlos,Ramirez,54645645,101345345341
Valentina,García,645646,101456451
Juan,García,46346345,1016567561
Gabriel,Delgado,46346345,101345563461
Carlos,Ramirez,54645645,101345345341
Valentina,García,645646,101456451
Juan,García,46346345,1016567561
Gabriel,Delgado,46346345,101345563461
Carlos,Ramirez,54645645,101345345341
Valentina,García,645646,101456451
Juan,García,46346345,1016567561
Gabriel,Delgado,46346345,101345563461
Carlos,Ramirez,54645645,101345345341
Valentina,García,645646,101456451
Juan,García,46346345,1016567561
Gabriel,Delgado,46346345,101345563461
Carlos,Ramirez,54645645,101345345341
Valentina,García,645646,101456451
Juan,García,46346345,1016567561
Gabriel,Delgado,46346345,101345563461
Carlos,Ramirez,54645645,101345345341
Valentina,García,645646,101456451
Juan,García,46346345,1016567561
Gabriel,Delgado,46346345,101345563461
Carlos,Ramirez,54645645,101345345341
Valentina,García,645646,101456451
Juan,García,46346345,1016567561
Gabriel,Delgado,46346345,101345563461
Carlos,Ramirez,54645645,101345345341
Valentina,García,645646,101456451
Juan,García,46346345,1016567561
Gabriel,Delgado,46346345,101345563461
Carlos,Ramirez,54645645,101345345341
Valentina,García,645646,101456451
Juan,García,46346345,1016567561
Gabriel,Delgado,46346345,101345563461
Carlos,Ramirez,54645645,101345345341
Valentina,García,645646,101456451
Juan,García,46346345,1016567561
Gabriel,Delgado,46346345,101345563461
Carlos,Ramirez,54645645,101345345341
Valentina,García,645646,101456451
Juan,García,46346345,1016567561
Gabriel,Delgado,46346345,101345563461
Carlos,Ramirez,54645645,101345345341
Valentina,García,645646,101456451
TestOne,TestTwo,54534,1042342
Juan,García,46346345,1016567561
Gabriel,Delgado,46346345,101345563461
Carlos,Ramirez,54645645,101345345341
Valentina,García,645646,101456451
Juan,García,46346345,1016567561
Gabriel,Delgado,46346345,101345563461
Carlos,Ramirez,54645645,101345345341
Valentina,García,645646,101456451
Juan,García,46346345,1016567561
Gabriel,Delgado,46346345,101345563461
Carlos,Ramirez,54645645,101345345341
Valentina,García,645646,101456451
Juan,García,46346345,1016567561
Gabriel,Delgado,46346345,101345563461
Carlos,Ramirez,54645645,101345345341
Valentina,García,645646,101456451
Juan,García,46346345,1016567561
Gabriel,Delgado,46346345,101345563461
Carlos,Ramirez,54645645,101345345341
Valentina,García,645646,101456451
Juan,García,46346345,1016567561
Gabriel,Delgado,46346345,101345563461
Carlos,Ramirez,54645645,101345345341
Valentina,García,645646,101456451
Juan,García,46346345,1016567561
Gabriel,Delgado,46346345,101345563461
Carlos,Ramirez,54645645,101345345341
Valentina,García,645646,101456451
Juan,García,46346345,1016567561
Gabriel,Delgado,46346345,101345563461
Carlos,Ramirez,54645645,101345345341
Valentina,García,645646,101456451
Juan,García,46346345,1016567561
Gabriel,Delgado,46346345,101345563461
Carlos,Ramirez,54645645,101345345341
Valentina,García,645646,101456451
Juan,García,46346345,1016567561
Gabriel,Delgado,46346345,101345563461
Carlos,Ramirez,54645645,101345345341
Valentina,García,645646,101456451
Juan,García,46346345,1016567561
Gabriel,Delgado,46346345,101345563461
Carlos,Ramirez,54645645,101345345341
Valentina,García,645646,101456451
Juan,García,46346345,1016567561
Gabriel,Delgado,46346345,101345563461
Carlos,Ramirez,54645645,101345345341
Valentina,García,645646,101456451
Juan,García,46346345,1016567561
Gabriel,Delgado,46346345,101345563461
Carlos,Ramirez,54645645,101345345341
Valentina,García,645646,101456451
TestOne,TestTwo,54534,1042342
Juan,García,46346345,1016567561
Gabriel,Delgado,46346345,101345563461
Carlos,Ramirez,54645645,101345345341
Valentina,García,645646,101456451
Juan,García,46346345,1016567561
Gabriel,Delgado,46346345,101345563461
Carlos,Ramirez,54645645,101345345341
Valentina,García,645646,101456451
Juan,García,46346345,1016567561
Gabriel,Delgado,46346345,101345563461
Carlos,Ramirez,54645645,101345345341
Valentina,García,645646,101456451
Juan,García,46346345,1016567561
Gabriel,Delgado,46346345,101345563461
Carlos,Ramirez,54645645,101345345341
Valentina,García,645646,101456451
Juan,García,46346345,1016567561
Gabriel,Delgado,46346345,101345563461
Carlos,Ramirez,54645645,101345345341
Valentina,García,645646,101456451
Juan,García,46346345,1016567561
Gabriel,Delgado,46346345,101345563461
Carlos,Ramirez,54645645,101345345341
Valentina,García,645646,101456451
Juan,García,46346345,1016567561
Gabriel,Delgado,46346345,101345563461
Carlos,Ramirez,54645645,101345345341
Valentina,García,645646,101456451
Juan,García,46346345,1016567561
Gabriel,Delgado,46346345,101345563461
Carlos,Ramirez,54645645,101345345341
Valentina,García,645646,101456451
Juan,García,46346345,1016567561
Gabriel,Delgado,46346345,101345563461
Carlos,Ramirez,54645645,101345345341
Valentina,García,645646,101456451
Juan,García,46346345,1016567561
Gabriel,Delgado,46346345,101345563461
Carlos,Ramirez,54645645,101345345341
Valentina,García,645646,101456451
Juan,García,46346345,1016567561
Gabriel,Delgado,46346345,101345563461
Carlos,Ramirez,54645645,101345345341
Valentina,García,645646,101456451
Juan,García,46346345,1016567561
Gabriel,Delgado,46346345,101345563461
Carlos,Ramirez,54645645,101345345341
Valentina,García,645646,101456451
Juan,García,46346345,1016567561
Gabriel,Delgado,46346345,101345563461
Carlos,Ramirez,54645645,101345345341
Valentina,García,645646,101456451
Juan,García,46346345,1016567561
Gabriel,Delgado,46346345,101345563461
Carlos,Ramirez,54645645,101345345341
Valentina,García,645646,101456451
TestOne,TestTwo,54534,1042342
Juan,García,46346345,1016567561
Gabriel,Delgado,46346345,101345563461
Carlos,Ramirez,54645645,101345345341
Valentina,García,645646,101456451
Juan,García,46346345,1016567561
Gabriel,Delgado,46346345,101345563461
Carlos,Ramirez,54645645,101345345341
Valentina,García,645646,101456451
Juan,García,46346345,1016567561
Gabriel,Delgado,46346345,101345563461
Carlos,Ramirez,54645645,101345345341
Valentina,García,645646,101456451
Juan,García,46346345,1016567561
Gabriel,Delgado,46346345,101345563461
Carlos,Ramirez,54645645,101345345341
Valentina,García,645646,101456451
Juan,García,46346345,1016567561
Gabriel,Delgado,46346345,101345563461
Carlos,Ramirez,54645645,101345345341
Valentina,García,645646,101456451
Juan,García,46346345,1016567561
Gabriel,Delgado,46346345,101345563461
Carlos,Ramirez,54645645,101345345341
Valentina,García,645646,101456451
Juan,García,46346345,1016567561
Gabriel,Delgado,46346345,101345563461
Carlos,Ramirez,54645645,101345345341
Valentina,García,645646,101456451
Juan,García,46346345,1016567561
Gabriel,Delgado,46346345,101345563461
Carlos,Ramirez,54645645,101345345341
Valentina,García,645646,101456451
Juan,García,46346345,1016567561
Gabriel,Delgado,46346345,101345563461
Carlos,Ramirez,54645645,101345345341
Valentina,García,645646,101456451
Juan,García,46346345,1016567561
Gabriel,Delgado,46346345,101345563461
Carlos,Ramirez,54645645,101345345341
Valentina,García,645646,101456451
Juan,García,46346345,1016567561
Gabriel,Delgado,46346345,101345563461
Carlos,Ramirez,54645645,101345345341
Valentina,García,645646,101456451
Juan,García,46346345,1016567561
Gabriel,Delgado,46346345,101345563461
Carlos,Ramirez,54645645,101345345341
Valentina,García,645646,101456451
Juan,García,46346345,1016567561
Gabriel,Delgado,46346345,101345563461
Carlos,Ramirez,54645645,101345345341
Valentina,García,645646,101456451
Juan,García,46346345,1016567561
Gabriel,Delgado,46346345,101345563461
Carlos,Ramirez,54645645,101345345341
Valentina,García,645646,101456451
Juan,García,46346345,1016567561
Gabriel,Delgado,46346345,101345563461
Carlos,Ramirez,54645645,101345345341
Valentina,García,645646,101456451
TestOne,TestTwo,54534,1042342
Juan,García,46346345,1016567561
Gabriel,Delgado,46346345,101345563461
Carlos,Ramirez,54645645,101345345341
Valentina,García,645646,101456451
Juan,García,46346345,1016567561
Gabriel,Delgado,46346345,101345563461
Carlos,Ramirez,54645645,101345345341
Valentina,García,645646,101456451
Juan,García,46346345,1016567561
Gabriel,Delgado,46346345,101345563461
Carlos,Ramirez,54645645,101345345341
Valentina,García,645646,101456451
Juan,García,46346345,1016567561
Gabriel,Delgado,46346345,101345563461
Carlos,Ramirez,54645645,101345345341
Valentina,García,645646,101456451
Juan,García,46346345,1016567561
Gabriel,Delgado,46346345,101345563461
Carlos,Ramirez,54645645,101345345341
Valentina,García,645646,101456451
Juan,García,46346345,1016567561
Gabriel,Delgado,46346345,101345563461
Carlos,Ramirez,54645645,101345345341
Valentina,García,645646,101456451
Juan,García,46346345,1016567561
Gabriel,Delgado,46346345,101345563461
Carlos,Ramirez,54645645,101345345341
Valentina,García,645646,101456451
Juan,García,46346345,1016567561
Gabriel,Delgado,46346345,101345563461
Carlos,Ramirez,54645645,101345345341
Valentina,García,645646,101456451
Juan,García,46346345,1016567561
Gabriel,Delgado,46346345,101345563461
Carlos,Ramirez,54645645,101345345341
Valentina,García,645646,101456451
Juan,García,46346345,1016567561
Gabriel,Delgado,46346345,101345563461
Carlos,Ramirez,54645645,101345345341
Valentina,García,645646,101456451
Juan,García,46346345,1016567561
Gabriel,Delgado,46346345,101345563461
Carlos,Ramirez,54645645,101345345341
Valentina,García,645646,101456451
Juan,García,46346345,1016567561
Gabriel,Delgado,46346345,101345563461
Carlos,Ramirez,54645645,101345345341
Valentina,García,645646,101456451
Juan,García,46346345,1016567561
Gabriel,Delgado,46346345,101345563461
Carlos,Ramirez,54645645,101345345341
Valentina,García,645646,101456451
Juan,García,46346345,1016567561
Gabriel,Delgado,46346345,101345563461
Carlos,Ramirez,54645645,101345345341
Valentina,García,645646,101456451
Juan,García,46346345,1016567561
Gabriel,Delgado,46346345,101345563461
Carlos,Ramirez,54645645,101345345341
Valentina,García,645646,101456451
Juan,García,46346345,1016567561
Gabriel,Delgado,46346345,101345563461
Carlos,Ramirez,54645645,101345345341
Valentina,García,645646,101456451
TestOne,TestTwo,54534,1042342
Juan,García,46346345,1016567561
Gabriel,Delgado,46346345,101345563461
Carlos,Ramirez,54645645,101345345341
Valentina,García,645646,101456451
Juan,García,46346345,1016567561
Gabriel,Delgado,46346345,101345563461
Carlos,Ramirez,54645645,101345345341
Valentina,García,645646,101456451
Juan,García,46346345,1016567561
Gabriel,Delgado,46346345,101345563461
Carlos,Ramirez,54645645,101345345341
Valentina,García,645646,101456451
Juan,García,46346345,1016567561
Gabriel,Delgado,46346345,101345563461
Carlos,Ramirez,54645645,101345345341
Valentina,García,645646,101456451
Juan,García,46346345,1016567561
Gabriel,Delgado,46346345,101345563461
Carlos,Ramirez,54645645,101345345341
Valentina,García,645646,101456451
Juan,García,46346345,1016567561
Gabriel,Delgado,46346345,101345563461
Carlos,Ramirez,54645645,101345345341
Valentina,García,645646,101456451
Juan,García,46346345,1016567561
Gabriel,Delgado,46346345,101345563461
Carlos,Ramirez,54645645,101345345341
Valentina,García,645646,101456451
Juan,García,46346345,1016567561
Gabriel,Delgado,46346345,101345563461
Carlos,Ramirez,54645645,101345345341
Valentina,García,645646,101456451
Juan,García,46346345,1016567561
Gabriel,Delgado,46346345,101345563461
Carlos,Ramirez,54645645,101345345341
Valentina,García,645646,101456451
Juan,García,46346345,1016567561
Gabriel,Delgado,46346345,101345563461
Carlos,Ramirez,54645645,101345345341
Valentina,García,645646,101456451
Juan,García,46346345,1016567561
Gabriel,Delgado,46346345,101345563461
Carlos,Ramirez,54645645,101345345341
Valentina,García,645646,101456451
Juan,García,46346345,1016567561
Gabriel,Delgado,46346345,101345563461
Carlos,Ramirez,54645645,101345345341
Valentina,García,645646,101456451
Juan,García,46346345,1016567561
Gabriel,Delgado,46346345,101345563461
Carlos,Ramirez,54645645,101345345341
Valentina,García,645646,101456451
Juan,García,46346345,1016567561
Gabriel,Delgado,46346345,101345563461
Carlos,Ramirez,54645645,101345345341
Valentina,García,645646,101456451
Juan,García,46346345,1016567561
Gabriel,Delgado,46346345,101345563461
Carlos,Ramirez,54645645,101345345341
Valentina,García,645646,101456451
Juan,García,46346345,1016567561
Gabriel,Delgado,46346345,101345563461
Carlos,Ramirez,54645645,101345345341
Valentina,García,645646,101456451
Juan,García,46346345,1016567561
Gabriel,Delgado,46346345,101345563461
Carlos,Ramirez,54645645,101345345341
Valentina,García,645646,101456451
TestOne,TestTwo,54534,1042342
Juan,García,46346345,1016567561
Gabriel,Delgado,46346345,101345563461
Carlos,Ramirez,54645645,101345345341
Valentina,García,645646,101456451
Juan,García,46346345,1016567561
Gabriel,Delgado,46346345,101345563461
Carlos,Ramirez,54645645,101345345341
Valentina,García,645646,101456451
Juan,García,46346345,1016567561
Gabriel,Delgado,46346345,101345563461
Carlos,Ramirez,54645645,101345345341
Valentina,García,645646,101456451
Juan,García,46346345,1016567561
Gabriel,Delgado,46346345,101345563461
Carlos,Ramirez,54645645,101345345341
Valentina,García,645646,101456451
Juan,García,46346345,1016567561
Gabriel,Delgado,46346345,101345563461
Carlos,Ramirez,54645645,101345345341
Valentina,García,645646,101456451
Juan,García,46346345,1016567561
Gabriel,Delgado,46346345,101345563461
Carlos,Ramirez,54645645,101345345341
Valentina,García,645646,101456451
Juan,García,46346345,1016567561
Gabriel,Delgado,46346345,101345563461
Carlos,Ramirez,54645645,101345345341
Valentina,García,645646,101456451
Juan,García,46346345,1016567561
Gabriel,Delgado,46346345,101345563461
Carlos,Ramirez,54645645,101345345341
Valentina,García,645646,101456451
Juan,García,46346345,1016567561
Gabriel,Delgado,46346345,101345563461
Carlos,Ramirez,54645645,101345345341
Valentina,García,645646,101456451
Juan,García,46346345,1016567561
Gabriel,Delgado,46346345,101345563461
Carlos,Ramirez,54645645,101345345341
Valentina,García,645646,101456451
Juan,García,46346345,1016567561
Gabriel,Delgado,46346345,101345563461
Carlos,Ramirez,54645645,101345345341
Valentina,García,645646,101456451
Juan,García,46346345,1016567561
Gabriel,Delgado,46346345,101345563461
Carlos,Ramirez,54645645,101345345341
Valentina,García,645646,101456451
Juan,García,46346345,1016567561
Gabriel,Delgado,46346345,101345563461
Carlos,Ramirez,54645645,101345345341
Valentina,García,645646,101456451
Juan,García,46346345,1016567561
Gabriel,Delgado,46346345,101345563461
Carlos,Ramirez,54645645,101345345341
Valentina,García,645646,101456451
Juan,García,46346345,1016567561
Gabriel,Delgado,46346345,101345563461
Carlos,Ramirez,54645645,101345345341
Valentina,García,645646,101456451
Juan,García,46346345,1016567561
Gabriel,Delgado,46346345,101345563461
Carlos,Ramirez,54645645,101345345341
Valentina,García,645646,101456451
Juan,García,46346345,1016567561
Gabriel,Delgado,46346345,101345563461
Carlos,Ramirez,54645645,101345345341
Valentina,García,645646,101456451
TestOne,TestTwo,54534,1042342
Juan,García,46346345,1016567561
Gabriel,Delgado,46346345,101345563461
Carlos,Ramirez,54645645,101345345341
Valentina,García,645646,101456451
Juan,García,46346345,1016567561
Gabriel,Delgado,46346345,101345563461
Carlos,Ramirez,54645645,101345345341
Valentina,García,645646,101456451
Juan,García,46346345,1016567561
Gabriel,Delgado,46346345,101345563461
Carlos,Ramirez,54645645,101345345341
Valentina,García,645646,101456451
Juan,García,46346345,1016567561
Gabriel,Delgado,46346345,101345563461
Carlos,Ramirez,54645645,101345345341
Valentina,García,645646,101456451
Juan,García,46346345,1016567561
Gabriel,Delgado,46346345,101345563461
Carlos,Ramirez,54645645,101345345341
Valentina,García,645646,101456451
Juan,García,46346345,1016567561
Gabriel,Delgado,46346345,101345563461
Carlos,Ramirez,54645645,101345345341
Valentina,García,645646,101456451
Juan,García,46346345,1016567561
Gabriel,Delgado,46346345,101345563461
Carlos,Ramirez,54645645,101345345341
Valentina,García,645646,101456451
Juan,García,46346345,1016567561
Gabriel,Delgado,46346345,101345563461
Carlos,Ramirez,54645645,101345345341
Valentina,García,645646,101456451
Juan,García,46346345,1016567561
Gabriel,Delgado,46346345,101345563461
Carlos,Ramirez,54645645,101345345341
Valentina,García,645646,101456451
Juan,García,46346345,1016567561
Gabriel,Delgado,46346345,101345563461
Carlos,Ramirez,54645645,101345345341
Valentina,García,645646,101456451
Juan,García,46346345,1016567561
Gabriel,Delgado,46346345,101345563461
Carlos,Ramirez,54645645,101345345341
Valentina,García,645646,101456451
Juan,García,46346345,1016567561
Gabriel,Delgado,46346345,101345563461
Carlos,Ramirez,54645645,101345345341
Valentina,García,645646,101456451
Juan,García,46346345,1016567561
Gabriel,Delgado,46346345,101345563461
Carlos,Ramirez,54645645,101345345341
Valentina,García,645646,101456451
Juan,García,46346345,1016567561
Gabriel,Delgado,46346345,101345563461
Carlos,Ramirez,54645645,101345345341
Valentina,García,645646,101456451
Juan,García,46346345,1016567561
Gabriel,Delgado,46346345,101345563461
Carlos,Ramirez,54645645,101345345341
Valentina,García,645646,101456451
Juan,García,46346345,1016567561
Gabriel,Delgado,46346345,101345563461
Carlos,Ramirez,54645645,101345345341
Valentina,García,645646,101456451
Juan,García,46346345,1016567561
Gabriel,Delgado,46346345,101345563461
Carlos,Ramirez,54645645,101345345341
Valentina,García,645646,101456451
TestOne,TestTwo,54534,1042342
Juan,García,46346345,1016567561
Gabriel,Delgado,46346345,101345563461
Carlos,Ramirez,54645645,101345345341
Valentina,García,645646,101456451
Juan,García,46346345,1016567561
Gabriel,Delgado,46346345,101345563461
Carlos,Ramirez,54645645,101345345341
Valentina,García,645646,101456451
Juan,García,46346345,1016567561
Gabriel,Delgado,46346345,101345563461
Carlos,Ramirez,54645645,101345345341
Valentina,García,645646,101456451
Juan,García,46346345,1016567561
Gabriel,Delgado,46346345,101345563461
Carlos,Ramirez,54645645,101345345341
Valentina,García,645646,101456451
Juan,García,46346345,1016567561
Gabriel,Delgado,46346345,101345563461
Carlos,Ramirez,54645645,101345345341
Valentina,García,645646,101456451
Juan,García,46346345,1016567561
Gabriel,Delgado,46346345,101345563461
Carlos,Ramirez,54645645,101345345341
Valentina,García,645646,101456451
Juan,García,46346345,1016567561
Gabriel,Delgado,46346345,101345563461
Carlos,Ramirez,54645645,101345345341
Valentina,García,645646,101456451
Juan,García,46346345,1016567561
Gabriel,Delgado,46346345,101345563461
Carlos,Ramirez,54645645,101345345341
Valentina,García,645646,101456451
Juan,García,46346345,1016567561
Gabriel,Delgado,46346345,101345563461
Carlos,Ramirez,54645645,101345345341
Valentina,García,645646,101456451
Juan,García,46346345,1016567561
Gabriel,Delgado,46346345,101345563461
Carlos,Ramirez,54645645,101345345341
Valentina,García,645646,101456451
Juan,García,46346345,1016567561
Gabriel,Delgado,46346345,101345563461
Carlos,Ramirez,54645645,101345345341
Valentina,García,645646,101456451
Juan,García,46346345,1016567561
Gabriel,Delgado,46346345,101345563461
Carlos,Ramirez,54645645,101345345341
Valentina,García,645646,101456451
Juan,García,46346345,1016567561
Gabriel,Delgado,46346345,101345563461
Carlos,Ramirez,54645645,101345345341
Valentina,García,645646,101456451
Juan,García,46346345,1016567561
Gabriel,Delgado,46346345,101345563461
Carlos,Ramirez,54645645,101345345341
Valentina,García,645646,101456451
Juan,García,46346345,1016567561
Gabriel,Delgado,46346345,101345563461
Carlos,Ramirez,54645645,101345345341
Valentina,García,645646,101456451
Juan,García,46346345,1016567561
Gabriel,Delgado,46346345,101345563461
Carlos,Ramirez,54645645,101345345341
Valentina,García,645646,101456451
Juan,García,46346345,1016567561
Gabriel,Delgado,46346345,101345563461
Carlos,Ramirez,54645645,101345345341
Valentina,García,645646,101456451
TestOne,TestTwo,54534,1042342
Juan,García,46346345,1016567561
Gabriel,Delgado,46346345,101345563461
Carlos,Ramirez,54645645,101345345341
Valentina,García,645646,101456451
Juan,García,46346345,1016567561
Gabriel,Delgado,46346345,101345563461
Carlos,Ramirez,54645645,101345345341
Valentina,García,645646,101456451
Juan,García,46346345,1016567561
Gabriel,Delgado,46346345,101345563461
Carlos,Ramirez,54645645,101345345341
Valentina,García,645646,101456451
Juan,García,46346345,1016567561
Gabriel,Delgado,46346345,101345563461
Carlos,Ramirez,54645645,101345345341
Valentina,García,645646,101456451
Juan,García,46346345,1016567561
Gabriel,Delgado,46346345,101345563461
Carlos,Ramirez,54645645,101345345341
Valentina,García,645646,101456451
Juan,García,46346345,1016567561
Gabriel,Delgado,46346345,101345563461
Carlos,Ramirez,54645645,101345345341
Valentina,García,645646,101456451
Juan,García,46346345,1016567561
Gabriel,Delgado,46346345,101345563461
Carlos,Ramirez,54645645,101345345341
Valentina,García,645646,101456451
Juan,García,46346345,1016567561
Gabriel,Delgado,46346345,101345563461
Carlos,Ramirez,54645645,101345345341
Valentina,García,645646,101456451
Juan,García,46346345,1016567561
Gabriel,Delgado,46346345,101345563461
Carlos,Ramirez,54645645,101345345341
Valentina,García,645646,101456451
Juan,García,46346345,1016567561
Gabriel,Delgado,46346345,101345563461
Carlos,Ramirez,54645645,101345345341
Valentina,García,645646,101456451
Juan,García,46346345,1016567561
Gabriel,Delgado,46346345,101345563461
Carlos,Ramirez,54645645,101345345341
Valentina,García,645646,101456451
Juan,García,46346345,1016567561
Gabriel,Delgado,46346345,101345563461
Carlos,Ramirez,54645645,101345345341
Valentina,García,645646,101456451
Juan,García,46346345,1016567561
Gabriel,Delgado,46346345,101345563461
Carlos,Ramirez,54645645,101345345341
Valentina,García,645646,101456451
Juan,García,46346345,1016567561
Gabriel,Delgado,46346345,101345563461
Carlos,Ramirez,54645645,101345345341
Valentina,García,645646,101456451
Juan,García,46346345,1016567561
Gabriel,Delgado,46346345,101345563461
Carlos,Ramirez,54645645,101345345341
Valentina,García,645646,101456451
Juan,García,46346345,1016567561
Gabriel,Delgado,46346345,101345563461
Carlos,Ramirez,54645645,101345345341
Valentina,García,645646,101456451
Juan,García,46346345,1016567561
Gabriel,Delgado,46346345,101345563461
Carlos,Ramirez,54645645,101345345341
Valentina,García,645646,101456451
Juan,García,46346345,1016567561
Gabriel,Delgado,46346345,101345563461
Carlos,Ramirez,54645645,101345345341
Valentina,García,645646,101456451
TestOne,TestTwo,54534,1042342
Juan,García,46346345,1016567561
Gabriel,Delgado,46346345,101345563461
Carlos,Ramirez,54645645,101345345341
Valentina,García,645646,101456451
Juan,García,46346345,1016567561
Gabriel,Delgado,46346345,101345563461
Carlos,Ramirez,54645645,101345345341
Valentina,García,645646,101456451
Juan,García,46346345,1016567561
Gabriel,Delgado,46346345,101345563461
Carlos,Ramirez,54645645,101345345341
Valentina,García,645646,101456451
Juan,García,46346345,1016567561
Gabriel,Delgado,46346345,101345563461
Carlos,Ramirez,54645645,101345345341
Valentina,García,645646,101456451
Juan,García,46346345,1016567561
Gabriel,Delgado,46346345,101345563461
Carlos,Ramirez,54645645,101345345341
Valentina,García,645646,101456451
Juan,García,46346345,1016567561
Gabriel,Delgado,46346345,101345563461
Carlos,Ramirez,54645645,101345345341
Valentina,García,645646,101456451
Juan,García,46346345,1016567561
Gabriel,Delgado,46346345,101345563461
Carlos,Ramirez,54645645,101345345341
Valentina,García,645646,101456451
Juan,García,46346345,1016567561
Gabriel,Delgado,46346345,101345563461
Carlos,Ramirez,54645645,101345345341
Valentina,García,645646,101456451
Juan,García,46346345,1016567561
Gabriel,Delgado,46346345,101345563461
Carlos,Ramirez,54645645,101345345341
Valentina,García,645646,101456451
Juan,García,46346345,1016567561
Gabriel,Delgado,46346345,101345563461
Carlos,Ramirez,54645645,101345345341
Valentina,García,645646,101456451
Juan,García,46346345,1016567561
Gabriel,Delgado,46346345,101345563461
Carlos,Ramirez,54645645,101345345341
Valentina,García,645646,101456451
Juan,García,46346345,1016567561
Gabriel,Delgado,46346345,101345563461
Carlos,Ramirez,54645645,101345345341
Valentina,García,645646,101456451
Juan,García,46346345,1016567561
Gabriel,Delgado,46346345,101345563461
Carlos,Ramirez,54645645,101345345341
Valentina,García,645646,101456451
Juan,García,46346345,1016567561
Gabriel,Delgado,46346345,101345563461
Carlos,Ramirez,54645645,101345345341
Valentina,García,645646,101456451
Juan,García,46346345,1016567561
Gabriel,Delgado,46346345,101345563461
Carlos,Ramirez,54645645,101345345341
Valentina,García,645646,101456451
Juan,García,46346345,1016567561
Gabriel,Delgado,46346345,101345563461
Carlos,Ramirez,54645645,101345345341
Valentina,García,645646,101456451
Juan,García,46346345,1016567561
Gabriel,Delgado,46346345,101345563461
Carlos,Ramirez,54645645,101345345341
Valentina,García,645646,101456451
Juan,García,46346345,1016567561
Gabriel,Delgado,46346345,101345563461
Carlos,Ramirez,54645645,101345345341
Valentina,García,645646,101456451
Juan,García,46346345,1016567561
Gabriel,Delgado,46346345,101345563461
Carlos,Ramirez,54645645,101345345341
Valentina,García,645646,101456451
Juan,García,46346345,1016567561
Gabriel,Delgado,46346345,101345563461
Carlos,Ramirez,54645645,101345345341
Valentina,García,645646,101456451
TestOne,TestTwo,54534,1042342
Juan,García,46346345,1016567561
Gabriel,Delgado,46346345,101345563461
Carlos,Ramirez,54645645,101345345341
Valentina,García,645646,101456451
Juan,García,46346345,1016567561
Gabriel,Delgado,46346345,101345563461
Carlos,Ramirez,54645645,101345345341
Valentina,García,645646,101456451
Juan,García,46346345,1016567561
Gabriel,Delgado,46346345,101345563461
Carlos,Ramirez,54645645,101345345341
Valentina,García,645646,101456451
Juan,García,46346345,1016567561
Gabriel,Delgado,46346345,101345563461
Carlos,Ramirez,54645645,101345345341
Valentina,García,645646,101456451
Juan,García,46346345,1016567561
Gabriel,Delgado,46346345,101345563461
Carlos,Ramirez,54645645,101345345341
Valentina,García,645646,101456451
Juan,García,46346345,1016567561
Gabriel,Delgado,46346345,101345563461
Carlos,Ramirez,54645645,101345345341
Valentina,García,645646,101456451
Juan,García,46346345,1016567561
Gabriel,Delgado,46346345,101345563461
Carlos,Ramirez,54645645,101345345341
Valentina,García,645646,101456451
Juan,García,46346345,1016567561
Gabriel,Delgado,46346345,101345563461
Carlos,Ramirez,54645645,101345345341
Valentina,García,645646,101456451
Juan,García,46346345,1016567561
Gabriel,Delgado,46346345,101345563461
Carlos,Ramirez,54645645,101345345341
Valentina,García,645646,101456451
Juan,García,46346345,1016567561
Gabriel,Delgado,46346345,101345563461
Carlos,Ramirez,54645645,101345345341
Valentina,García,645646,101456451
Juan,García,46346345,1016567561
Gabriel,Delgado,46346345,101345563461
Carlos,Ramirez,54645645,101345345341
Valentina,García,645646,101456451
Juan,García,46346345,1016567561
Gabriel,Delgado,46346345,101345563461
Carlos,Ramirez,54645645,101345345341
Valentina,García,645646,101456451
Juan,García,46346345,1016567561
Gabriel,Delgado,46346345,101345563461
Carlos,Ramirez,54645645,101345345341
Valentina,García,645646,101456451
Juan,García,46346345,1016567561
Gabriel,Delgado,46346345,101345563461
Carlos,Ramirez,54645645,101345345341
Valentina,García,645646,101456451
Juan,García,46346345,1016567561
Gabriel,Delgado,46346345,101345563461
Carlos,Ramirez,54645645,101345345341
Valentina,García,645646,101456451
Juan,García,46346345,1016567561
Gabriel,Delgado,46346345,101345563461
Carlos,Ramirez,54645645,101345345341
Valentina,García,645646,101456451
Juan,García,46346345,1016567561
Gabriel,Delgado,46346345,101345563461
Carlos,Ramirez,54645645,101345345341
Valentina,García,645646,101456451
Juan,García,46346345,1016567561
Gabriel,Delgado,46346345,101345563461
Carlos,Ramirez,54645645,101345345341
Valentina,García,645646,101456451
Juan,García,46346345,1016567561
Gabriel,Delgado,46346345,101345563461
Carlos,Ramirez,54645645,101345345341
Valentina,García,645646,101456451
Juan,García,46346345,1016567561
Gabriel,Delgado,46346345,101345563461
Carlos,Ramirez,54645645,101345345341
Valentina,García,645646,101456451
TestOne,TestTwo,54534,1042342
Juan,García,46346345,1016567561
Gabriel,Delgado,46346345,101345563461
Carlos,Ramirez,54645645,101345345341
Valentina,García,645646,101456451
Juan,García,46346345,1016567561
Gabriel,Delgado,46346345,101345563461
Carlos,Ramirez,54645645,101345345341
Valentina,García,645646,101456451
Juan,García,46346345,1016567561
Gabriel,Delgado,46346345,101345563461
Carlos,Ramirez,54645645,101345345341
Valentina,García,645646,101456451
Juan,García,46346345,1016567561
Gabriel,Delgado,46346345,101345563461
Carlos,Ramirez,54645645,101345345341
Valentina,García,645646,101456451
Juan,García,46346345,1016567561
Gabriel,Delgado,46346345,101345563461
Carlos,Ramirez,54645645,101345345341
Valentina,García,645646,101456451
Juan,García,46346345,1016567561
Gabriel,Delgado,46346345,101345563461
Carlos,Ramirez,54645645,101345345341
Valentina,García,645646,101456451
Juan,García,46346345,1016567561
Gabriel,Delgado,46346345,101345563461
Carlos,Ramirez,54645645,101345345341
Valentina,García,645646,101456451
Juan,García,46346345,1016567561
Gabriel,Delgado,46346345,101345563461
Carlos,Ramirez,54645645,101345345341
Valentina,García,645646,101456451
Juan,García,46346345,1016567561
Gabriel,Delgado,46346345,101345563461
Carlos,Ramirez,54645645,101345345341
Valentina,García,645646,101456451
Juan,García,46346345,1016567561
Gabriel,Delgado,46346345,101345563461
Carlos,Ramirez,54645645,101345345341
Valentina,García,645646,101456451
Juan,García,46346345,1016567561
Gabriel,Delgado,46346345,101345563461
Carlos,Ramirez,54645645,101345345341
Valentina,García,645646,101456451
Juan,García,46346345,1016567561
Gabriel,Delgado,46346345,101345563461
Carlos,Ramirez,54645645,101345345341
Valentina,García,645646,101456451
Juan,García,46346345,1016567561
Gabriel,Delgado,46346345,101345563461
Carlos,Ramirez,54645645,101345345341
Valentina,García,645646,101456451
Juan,García,46346345,1016567561
Gabriel,Delgado,46346345,101345563461
Carlos,Ramirez,54645645,101345345341
Valentina,García,645646,101456451
Juan,García,46346345,1016567561
Gabriel,Delgado,46346345,101345563461
Carlos,Ramirez,54645645,101345345341
Valentina,García,645646,101456451
Juan,García,46346345,1016567561
Gabriel,Delgado,46346345,101345563461
Carlos,Ramirez,54645645,101345345341
Valentina,García,645646,101456451
Juan,García,46346345,1016567561
Gabriel,Delgado,46346345,101345563461
Carlos,Ramirez,54645645,101345345341
Valentina,García,645646,101456451
Juan,García,46346345,1016567561
Gabriel,Delgado,46346345,101345563461
Carlos,Ramirez,54645645,101345345341
Valentina,García,645646,101456451
Juan,García,46346345,1016567561
Gabriel,Delgado,46346345,101345563461
Carlos,Ramirez,54645645,101345345341
Valentina,García,645646,101456451
Juan,García,46346345,1016567561
Gabriel,Delgado,46346345,101345563461
Carlos,Ramirez,54645645,101345345341
Valentina,García,645646,101456451
Juan,García,46346345,1016567561
Gabriel,Delgado,46346345,101345563461
Carlos,Ramirez,54645645,101345345341
Valentina,García,645646,101456451
Juan,García,46346345,1016567561
Gabriel,Delgado,46346345,101345563461
Carlos,Ramirez,54645645,101345345341
Valentina,García,645646,101456451
TestOne,TestTwo,54534,1042342
Juan,García,46346345,1016567561
Gabriel,Delgado,46346345,101345563461
Carlos,Ramirez,54645645,101345345341
Valentina,García,645646,101456451
Juan,García,46346345,1016567561
Gabriel,Delgado,46346345,101345563461
Carlos,Ramirez,54645645,101345345341
Valentina,García,645646,101456451
Juan,García,46346345,1016567561
Gabriel,Delgado,46346345,101345563461
Carlos,Ramirez,54645645,101345345341
Valentina,García,645646,101456451
Juan,García,46346345,1016567561
Gabriel,Delgado,46346345,101345563461
Carlos,Ramirez,54645645,101345345341
Valentina,García,645646,101456451
Juan,García,46346345,1016567561
Gabriel,Delgado,46346345,101345563461
Carlos,Ramirez,54645645,101345345341
Valentina,García,645646,101456451
Juan,García,46346345,1016567561
Gabriel,Delgado,46346345,101345563461
Carlos,Ramirez,54645645,101345345341
Valentina,García,645646,101456451
Juan,García,46346345,1016567561
Gabriel,Delgado,46346345,101345563461
Carlos,Ramirez,54645645,101345345341
Valentina,García,645646,101456451
Juan,García,46346345,1016567561
Gabriel,Delgado,46346345,101345563461
Carlos,Ramirez,54645645,101345345341
Valentina,García,645646,101456451
Juan,García,46346345,1016567561
Gabriel,Delgado,46346345,101345563461
Carlos,Ramirez,54645645,101345345341
Valentina,García,645646,101456451
Juan,García,46346345,1016567561
Gabriel,Delgado,46346345,101345563461
Carlos,Ramirez,54645645,101345345341
Valentina,García,645646,101456451
Juan,García,46346345,1016567561
Gabriel,Delgado,46346345,101345563461
Carlos,Ramirez,54645645,101345345341
Valentina,García,645646,101456451
Juan,García,46346345,1016567561
Gabriel,Delgado,46346345,101345563461
Carlos,Ramirez,54645645,101345345341
Valentina,García,645646,101456451
Juan,García,46346345,1016567561
Gabriel,Delgado,46346345,101345563461
Carlos,Ramirez,54645645,101345345341
Valentina,García,645646,101456451
Juan,García,46346345,1016567561
Gabriel,Delgado,46346345,101345563461
Carlos,Ramirez,54645645,101345345341
Valentina,García,645646,101456451
Juan,García,46346345,1016567561
Gabriel,Delgado,46346345,101345563461
Carlos,Ramirez,54645645,101345345341
Valentina,García,645646,101456451
Juan,García,46346345,1016567561
Gabriel,Delgado,46346345,101345563461
Carlos,Ramirez,54645645,101345345341
Valentina,García,645646,101456451
Juan,García,46346345,1016567561
Gabriel,Delgado,46346345,101345563461
Carlos,Ramirez,54645645,101345345341
Valentina,García,645646,101456451
Juan,García,46346345,1016567561
Gabriel,Delgado,46346345,101345563461
Carlos,Ramirez,54645645,101345345341
Valentina,García,645646,101456451
Juan,García,46346345,1016567561
Gabriel,Delgado,46346345,101345563461
Carlos,Ramirez,54645645,101345345341
Valentina,García,645646,101456451
Julian,Perez,435334,1006170256
Juan,García,46346345,1016567561
Gabriel,Delgado,46346345,101345563461
Carlos,Ramirez,54645645,101345345341
Valentina,García,645646,101456451
Juan,García,46346345,1016567561
Gabriel,Delgado,46346345,101345563461
Carlos,Ramirez,54645645,101345345341
Valentina,García,645646,101456451
Juan,García,46346345,1016567561
Gabriel,Delgado,46346345,101345563461
Carlos,Ramirez,54645645,101345345341
Valentina,García,645646,101456451
TestOne,TestTwo,54534,1042342
Juan,García,46346345,1016567561
Gabriel,Delgado,46346345,101345563461
Carlos,Ramirez,54645645,101345345341
Valentina,García,645646,101456451
Juan,García,46346345,1016567561
Gabriel,Delgado,46346345,101345563461
Carlos,Ramirez,54645645,101345345341
Valentina,García,645646,101456451
Juan,García,46346345,1016567561
Gabriel,Delgado,46346345,101345563461
Carlos,Ramirez,54645645,101345345341
Valentina,García,645646,101456451
Juan,García,46346345,1016567561
Gabriel,Delgado,46346345,101345563461
Carlos,Ramirez,54645645,101345345341
Valentina,García,645646,101456451
Juan,García,46346345,1016567561
Gabriel,Delgado,46346345,101345563461
Carlos,Ramirez,54645645,101345345341
Valentina,García,645646,101456451
Juan,García,46346345,1016567561
Gabriel,Delgado,46346345,101345563461
Carlos,Ramirez,54645645,101345345341
Valentina,García,645646,101456451
Juan,García,46346345,1016567561
Gabriel,Delgado,46346345,101345563461
Carlos,Ramirez,54645645,101345345341
Valentina,García,645646,101456451
Juan,García,46346345,1016567561
Gabriel,Delgado,46346345,101345563461
Carlos,Ramirez,54645645,101345345341
Valentina,García,645646,101456451
Juan,García,46346345,1016567561
Gabriel,Delgado,46346345,101345563461
Carlos,Ramirez,54645645,101345345341
Valentina,García,645646,101456451
Juan,García,46346345,1016567561
Gabriel,Delgado,46346345,101345563461
Carlos,Ramirez,54645645,101345345341
Valentina,García,645646,101456451
Juan,García,46346345,1016567561
Gabriel,Delgado,46346345,101345563461
Carlos,Ramirez,54645645,101345345341
Valentina,García,645646,101456451
Juan,García,46346345,1016567561
Gabriel,Delgado,46346345,101345563461
Carlos,Ramirez,54645645,101345345341
Valentina,García,645646,101456451
Juan,García,46346345,1016567561
Gabriel,Delgado,46346345,101345563461
Carlos,Ramirez,54645645,101345345341
Valentina,García,645646,101456451
Juan,García,46346345,1016567561
Gabriel,Delgado,46346345,101345563461
Carlos,Ramirez,54645645,101345345341
Valentina,García,645646,101456451
Juan,García,46346345,1016567561
Gabriel,Delgado,46346345,101345563461
Carlos,Ramirez,54645645,101345345341
Valentina,García,645646,101456451
Juan,García,46346345,1016567561
Gabriel,Delgado,46346345,101345563461
Carlos,Ramirez,54645645,101345345341
Valentina,García,645646,101456451
Juan,García,46346345,1016567561
Gabriel,Delgado,46346345,101345563461
Carlos,Ramirez,54645645,101345345341
Valentina,García,645646,101456451
Juan,García,46346345,1016567561
Gabriel,Delgado,46346345,101345563461
Carlos,Ramirez,54645645,101345345341
Valentina,García,645646,101456451
Juan,García,46346345,1016567561
Gabriel,Delgado,46346345,101345563461
Carlos,Ramirez,54645645,101345345341
Valentina,García,645646,101456451
Juan,García,46346345,1016567561
Gabriel,Delgado,46346345,101345563461
Carlos,Ramirez,54645645,101345345341
Valentina,García,645646,101456451
Juan,García,46346345,1016567561
Gabriel,Delgado,46346345,101345563461
Carlos,Ramirez,54645645,101345345341
Valentina,García,645646,101456451
Juan,García,46346345,1016567561
Gabriel,Delgado,46346345,101345563461
Carlos,Ramirez,54645645,101345345341
Valentina,García,645646,101456451
Juan,García,46346345,1016567561
Gabriel,Delgado,46346345,101345563461
Carlos,Ramirez,54645645,101345345341
Valentina,García,645646,101456451
TestOne,TestTwo,54534,1042342
Juan,García,46346345,1016567561
Gabriel,Delgado,46346345,101345563461
Carlos,Ramirez,54645645,101345345341
Valentina,García,645646,101456451
Juan,García,46346345,1016567561
Gabriel,Delgado,46346345,101345563461
Carlos,Ramirez,54645645,101345345341
Valentina,García,645646,101456451
Juan,García,46346345,1016567561
Gabriel,Delgado,46346345,101345563461
Carlos,Ramirez,54645645,101345345341
Valentina,García,645646,101456451
Juan,García,46346345,1016567561
Gabriel,Delgado,46346345,101345563461
Carlos,Ramirez,54645645,101345345341
Valentina,García,645646,101456451
Juan,García,46346345,1016567561
Gabriel,Delgado,46346345,101345563461
Carlos,Ramirez,54645645,101345345341
Valentina,García,645646,101456451
Juan,García,46346345,1016567561
Gabriel,Delgado,46346345,101345563461
Carlos,Ramirez,54645645,101345345341
Valentina,García,645646,101456451
Juan,García,46346345,1016567561
Gabriel,Delgado,46346345,101345563461
Carlos,Ramirez,54645645,101345345341
Valentina,García,645646,101456451
Juan,García,46346345,1016567561
Gabriel,Delgado,46346345,101345563461
Carlos,Ramirez,54645645,101345345341
Valentina,García,645646,101456451
Juan,García,46346345,1016567561
Gabriel,Delgado,46346345,101345563461
Carlos,Ramirez,54645645,101345345341
Valentina,García,645646,101456451
Juan,García,46346345,1016567561
Gabriel,Delgado,46346345,101345563461
Carlos,Ramirez,54645645,101345345341
Valentina,García,645646,101456451
Juan,García,46346345,1016567561
Gabriel,Delgado,46346345,101345563461
Carlos,Ramirez,54645645,101345345341
Valentina,García,645646,101456451
Juan,García,46346345,1016567561
Gabriel,Delgado,46346345,101345563461
Carlos,Ramirez,54645645,101345345341
Valentina,García,645646,101456451
Juan,García,46346345,1016567561
Gabriel,Delgado,46346345,101345563461
Carlos,Ramirez,54645645,101345345341
Valentina,García,645646,101456451
Juan,García,46346345,1016567561
Gabriel,Delgado,46346345,101345563461
Carlos,Ramirez,54645645,101345345341
Valentina,García,645646,101456451
Juan,García,46346345,1016567561
Gabriel,Delgado,46346345,101345563461
Carlos,Ramirez,54645645,101345345341
Valentina,García,645646,101456451
Juan,García,46346345,1016567561
Gabriel,Delgado,46346345,101345563461
Carlos,Ramirez,54645645,101345345341
Valentina,García,645646,101456451
Juan,García,46346345,1016567561
Gabriel,Delgado,46346345,101345563461
Carlos,Ramirez,54645645,101345345341
Valentina,García,645646,101456451
Juan,García,46346345,1016567561
Gabriel,Delgado,46346345,101345563461
Carlos,Ramirez,54645645,101345345341
Valentina,García,645646,101456451
Juan,García,46346345,1016567561
Gabriel,Delgado,46346345,101345563461
Carlos,Ramirez,54645645,101345345341
Valentina,García,645646,101456451
Juan,García,46346345,1016567561
Gabriel,Delgado,46346345,101345563461
Carlos,Ramirez,54645645,101345345341
Valentina,García,645646,101456451
Juan,García,46346345,1016567561
Gabriel,Delgado,46346345,101345563461
Carlos,Ramirez,54645645,101345345341
Valentina,García,645646,101456451
Juan,García,46346345,1016567561
Gabriel,Delgado,46346345,101345563461
Carlos,Ramirez,54645645,101345345341
Valentina,García,645646,101456451
Juan,García,46346345,1016567561
Gabriel,Delgado,46346345,101345563461
Carlos,Ramirez,54645645,101345345341
Valentina,García,645646,101456451
Juan,García,46346345,1016567561
Gabriel,Delgado,46346345,101345563461
Carlos,Ramirez,54645645,101345345341
Valentina,García,645646,101456451
TestOne,TestTwo,54534,1042342
Juan,García,46346345,1016567561
Gabriel,Delgado,46346345,101345563461
Carlos,Ramirez,54645645,101345345341
Valentina,García,645646,101456451
Juan,García,46346345,1016567561
Gabriel,Delgado,46346345,101345563461
Carlos,Ramirez,54645645,101345345341
Valentina,García,645646,101456451
Juan,García,46346345,1016567561
Gabriel,Delgado,46346345,101345563461
Carlos,Ramirez,54645645,101345345341
Valentina,García,645646,101456451
Juan,García,46346345,1016567561
Gabriel,Delgado,46346345,101345563461
Carlos,Ramirez,54645645,101345345341
Valentina,García,645646,101456451
Juan,García,46346345,1016567561
Gabriel,Delgado,46346345,101345563461
Carlos,Ramirez,54645645,101345345341
Valentina,García,645646,101456451
Juan,García,46346345,1016567561
Gabriel,Delgado,46346345,101345563461
Carlos,Ramirez,54645645,101345345341
Valentina,García,645646,101456451
Juan,García,46346345,1016567561
Gabriel,Delgado,46346345,101345563461
Carlos,Ramirez,54645645,101345345341
Valentina,García,645646,101456451
Juan,García,46346345,1016567561
Gabriel,Delgado,46346345,101345563461
Carlos,Ramirez,54645645,101345345341
Valentina,García,645646,101456451
Juan,García,46346345,1016567561
Gabriel,Delgado,46346345,101345563461
Carlos,Ramirez,54645645,101345345341
Valentina,García,645646,101456451
Juan,García,46346345,1016567561
Gabriel,Delgado,46346345,101345563461
Carlos,Ramirez,54645645,101345345341
Valentina,García,645646,101456451
Juan,García,46346345,1016567561
Gabriel,Delgado,46346345,101345563461
Carlos,Ramirez,54645645,101345345341
Valentina,García,645646,101456451
Juan,García,46346345,1016567561
Gabriel,Delgado,46346345,101345563461
Carlos,Ramirez,54645645,101345345341
Valentina,García,645646,101456451
Juan,García,46346345,1016567561
Gabriel,Delgado,46346345,101345563461
Carlos,Ramirez,54645645,101345345341
Valentina,García,645646,101456451
Juan,García,46346345,1016567561
Gabriel,Delgado,46346345,101345563461
Carlos,Ramirez,54645645,101345345341
Valentina,García,645646,101456451
Juan,García,46346345,1016567561
Gabriel,Delgado,46346345,101345563461
Carlos,Ramirez,54645645,101345345341
Valentina,García,645646,101456451
Juan,García,46346345,1016567561
Gabriel,Delgado,46346345,101345563461
Carlos,Ramirez,54645645,101345345341
Valentina,García,645646,101456451
Juan,García,46346345,1016567561
Gabriel,Delgado,46346345,101345563461
Carlos,Ramirez,54645645,101345345341
Valentina,García,645646,101456451
Juan,García,46346345,1016567561
Gabriel,Delgado,46346345,101345563461
Carlos,Ramirez,54645645,101345345341
Valentina,García,645646,101456451
Juan,García,46346345,1016567561
Gabriel,Delgado,46346345,101345563461
Carlos,Ramirez,54645645,101345345341
Valentina,García,645646,101456451
Juan,García,46346345,1016567561
Gabriel,Delgado,46346345,101345563461
Carlos,Ramirez,54645645,101345345341
Valentina,García,645646,101456451
Juan,García,46346345,1016567561
Gabriel,Delgado,46346345,101345563461
Carlos,Ramirez,54645645,101345345341
Valentina,García,645646,101456451
Juan,García,46346345,1016567561
Gabriel,Delgado,46346345,101345563461
Carlos,Ramirez,54645645,101345345341
Valentina,García,645646,101456451
